country	region	area	tz
Россия	Алтайский край		МСК+4
Россия	Амурская область		МСК+6
Россия	Архангельская область		МСК
Россия	Астраханская область		МСК+1
Россия	Белгородская область		МСК
Россия	Брянская область		МСК
Россия	Владимирская область		МСК
Россия	Волгоградская область		МСК
Россия	Вологодская область		МСК
Россия	Воронежская область		МСК
Россия	Еврейская Авт. обл.		МСК+7
Россия	Забайкальский край		МСК+6
Россия	Ивановская область		МСК
Россия	Иркутская область		МСК+5
Россия	Кабардино-Балкария		МСК
Россия	Калининградская область		МСК-1
Россия	Калужская область		МСК
Россия	Камчатская область		МСК+9
Россия	Карачаево-Черкесия		МСК
Россия	Кемеровская область		МСК+4
Россия	Кировская область		МСК
Россия	Костромская область		МСК
Россия	Краснодарский край		МСК
Россия	Красноярский край		МСК+4
Россия	Курганская область		МСК+2
Россия	Курская область		МСК
Россия	Ленинградская область		МСК
Россия	Липецкая область		МСК
Россия	Магаданская область		МСК+7
Россия	Москва		МСК
Россия	Московская область		МСК
Россия	Мурманская область		МСК
Россия	Ненецкий автономный округ		МСК
Россия	Нижегородская область		МСК
Россия	Новгородская область		МСК
Россия	Новосибирская область		МСК+3
Россия	Омская область		МСК+3
Россия	Оренбургская область		МСК+2
Россия	Орловская область		МСК
Россия	Пензенская область		МСК
Россия	Пермская область		МСК+2
Россия	Приморский край		МСК+7
Россия	Псковская область		МСК
Россия	Адыгея республика		МСК
Россия	Алтай республика		МСК+4
Россия	Башкортостан республика		МСК+2
Россия	Бурятия республика		МСК+5
Россия	Дагестан республика		МСК
Россия	Ингушетия республика		МСК
Россия	Калмыкия республика		МСК
Россия	Карелия республика		МСК
Россия	Коми республика		МСК
Россия	Крым республика		МСК
Россия	Марий Эл республика		МСК
Россия	Мордовия республика		МСК
Россия	Республика Саха-Якутия	Якутск	МСК+6
Россия	Республика Саха-Якутия	Нерюнгри	МСК+6
Россия	Республика Саха-Якутия	Мирный	МСК+6
Россия	Республика Саха-Якутия	Хандыга	МСК+6
Россия	Республика Саха-Якутия	Верхоянский	МСК+7
Россия	Республика Саха-Якутия	Оймяконский	МСК+7
Россия	Республика Саха-Якутия	Усть-Янский	МСК+7
Россия	Республика Саха-Якутия	Абыйский	МСК+8
Россия	Республика Саха-Якутия	Аллаиховский	МСК+8
Россия	Республика Саха-Якутия	Среднеколымский	МСК+8
Россия	Республика Саха-Якутия	Верхнеколымский	МСК+8
Россия	Республика Саха-Якутия	Момский	МСК+8
Россия	Республика Саха-Якутия	Нижнеколымский	МСК+8
Россия	Северная Осетия республика		МСК
Россия	Татарстан республика		МСК
Россия	Тыва республика		МСК+4
Россия	Хакасия республика		МСК+4
Россия	Ростовская область		МСК
Россия	Рязанская область		МСК
Россия	Самарская область		МСК+1
Россия	Санкт-Петербург		МСК
Россия	Саратовская область		МСК
Россия	Сахалинская область		МСК+8
Россия	Свердловская область		МСК+2
Россия	Севастополь		МСК
Россия	Смоленская область		МСК
Россия	Ставропольский край		МСК
Россия	Тамбовская область		МСК
Россия	Тверская область		МСК
Россия	Томская область		МСК+3
Россия	Тульская область		МСК
Россия	Тюменская область		МСК+2
Россия	Удмуртская республика		МСК+1
Россия	Ульяновская область		МСК+1
Россия	Хабаровский край		МСК+7
Россия	Ханты-Мансийский-Югра автономный округ		МСК+2
Россия	Челябинская область		МСК+2
Россия	Чеченская Республика		МСК
Россия	Чувашская Республика		МСК
Россия	Чукотский автономный округ		МСК+9
Россия	Ямало-Ненецкий автономный округ		МСК+2
Россия	Ярославская область		МСК
Россия	Агинский бурятский автономный округ		МСК+6
Россия	Коми-пермяцкий автономный округ		МСК+6
Россия	Санкт-петербург и Ленинградская область		МСК
Россия	Читинская область		МСК+6
Россия	Саха (якутия) республика	Алдан	МСК+6
Россия	Саха (якутия) республика	Амга	МСК+6
Россия	Саха (якутия) республика	Борогонцы	МСК+6
Россия	Саха (якутия) республика	Ботулу	МСК+6
Россия	Саха (якутия) республика	Верхневилюйск	МСК+6
Россия	Саха (якутия) республика	Вилюйск	МСК+6
Россия	Саха (якутия) республика	Кептени	МСК+6
Россия	Саха (якутия) республика	Крест-кытыл	МСК+6
Россия	Саха (якутия) республика	Кысыл-сыр	МСК+6
Россия	Саха (якутия) республика	Майя	МСК+6
Россия	Саха (якутия) республика	Маралайы	МСК+6
Россия	Саха (якутия) республика	Намцы	МСК+6
Россия	Саха (якутия) республика	Нерюнгри	МСК+6
Россия	Саха (якутия) республика	Нижний бестях	МСК+6
Россия	Саха (якутия) республика	Нюрба	МСК+6
Россия	Саха (якутия) республика	Павловск	МСК+6
Россия	Саха (якутия) республика	Сангар	МСК+6
Россия	Саха (якутия) республика	Сырдах	МСК+6
Россия	Саха (якутия) республика	Харыялах	МСК+6
Россия	Саха (якутия) республика	Хаты	МСК+6
Россия	Саха (якутия) республика	Хонуу	МСК+8
Россия	Саха (якутия) республика	Чымнайи	МСК+6
Россия	Саха (якутия) республика	Ымыяхтах	МСК+6
Россия	Саха (якутия) республика	Ытык-кюель	МСК+6
Россия	Саха (якутия) республика	Якутск	МСК+6
		Аг. Сейловичи	МСК
		Алматы	МСК+2
		Астана	МСК+2
		Асыма	МСК+6
		Ачхой-мартан	МСК
		Бедеева поляна	МСК+2
		Березино	МСК
		Бишкек	МСК+3
		Бобруйск	МСК
		Брянск	МСК
		Верхние киги	МСК+2
		Витебск	МСК
		Г. Брянка, ЛНР	МСК
		Г. Караганда	МСК+2
		Г. Урус-Мартан	МСК
		Г.Могилев	МСК
		Г.Рязань	МСК
		Г.Токмак	МСК
		Горловка	МСК
		Екатеринбург	МСК+2
		Иркутск	МСК+5
		Калининград	МСК-1
		Караганда	МСК+2
		Копыль	МСК
		Костанай	МСК+2
		Краснодар	МСК
		Курганинск	МСК
		Макеевка	МСК
		Минск	МСК
		Могилёв	МСК
		Москва	МСК
		Несвиж	МСК
		Новороссийск	МСК
		Павлодар	МСК+2
		Пенза	МСК
		Петропавловск	МСК+2
		Р Башкортостан Альшеевский Рай	МСК+2
		Республика Крым, г. Ялта, пгт.	МСК
		Севастополь	МСК
		Село Устинкино	МСК+4
		Симферополь	МСК
		Слуцк	МСК
		Стерлитамак	МСК+2
		Талдыкорган	МСК+2
		Тараз	МСК+2
		Узда	МСК
		Уфа	МСК+2
		Хабаровский край Комсомольский	МСК+7
		Челябинск	МСК+2
		Шымкент	МСК+2
		Якутск	МСК+6